<?xml version="1.0" encoding="UTF-8"?>
<!--

    =============================================================================
    Copyright (C) 2011-12 by ORCID

    Permission is hereby granted, free of charge, to any person obtaining a copy
    of this software and associated documentation files (the "Software"), to deal
    in the Software without restriction, including without limitation the rights
    to use, copy, modify, merge, publish, distribute, sublicense, and/or sell
    copies of the Software, and to permit persons to whom the Software is
    furnished to do so, subject to the following conditions:

    The above copyright notice and this permission notice shall be included in
    all copies or substantial portions of the Software.

    THE SOFTWARE IS PROVIDED "AS IS", WITHOUT WARRANTY OF ANY KIND, EXPRESS OR
    IMPLIED, INCLUDING BUT NOT LIMITED TO THE WARRANTIES OF MERCHANTABILITY,
    FITNESS FOR A PARTICULAR PURPOSE AND NONINFRINGEMENT. IN NO EVENT SHALL THE
    AUTHORS OR COPYRIGHT HOLDERS BE LIABLE FOR ANY CLAIM, DAMAGES OR OTHER
    LIABILITY, WHETHER IN AN ACTION OF CONTRACT, TORT OR OTHERWISE, ARISING FROM,
    OUT OF OR IN CONNECTION WITH THE SOFTWARE OR THE USE OR OTHER DEALINGS IN
    THE SOFTWARE.
    =============================================================================

-->
<orcid-message xmlns="http://www.orcid.org/ns/orcid"
	xmlns:xsi="http://www.w3.org/2001/XMLSchema-instance"
	xsi:schemaLocation="http://www.orcid.org/ns/orcid orcid-message-1.0.xsd">
	<message-version>1.0</message-version>
	<!-- Error message, if applicable -->
	<!-- Unable to connect to ORCID, no matching researchers, etc. -->
	<!-- <error-desc>No researcher found.</error-desc> -->
	<orcid-profile>
		<orcid>4444-4444-4444-4446</orcid>
		<orcid-history>
			<creation-method>API</creation-method>
			<completion-date>2012-10-09T15:50:07</completion-date>
			<submission-date>2012-10-09T15:50:07</submission-date>
			<!-- In short, researcher has claimed the profile if confirmed=true -->
			<confirmed>true</confirmed>
			<!-- The name of the institution that invited the reasearcher to register 
				with ORCID -->
			<sponsor>
				<sponsor-name>Brown University Library</sponsor-name>
				<sponsor-orcid>8888-8888-8888-8880</sponsor-orcid>
			</sponsor>
		</orcid-history>
		<orcid-bio>
			<personal-details>
				<given-names>Josiah Stinkney</given-names>
				<family-name>Carberry</family-name>
				<vocative-name>Prof. Carberry</vocative-name>
				<credit-name>Josiah Stinkney Carberry</credit-name>
				<other-names>
					<other-name>Josiah S Carberry</other-name>
					<other-name>Josiah Carberry</other-name>
				</other-names>
			</personal-details>
			<primary-institution>
				<primary-institution-name>Brown
					University</primary-institution-name>
			</primary-institution>
			<affiliate-institutions>
				<affiliate-institution>
					<affiliate-institution-name>Staffordshire University</affiliate-institution-name>
					<affiliate-institution-details>
						<address>
							<address-line-1>College Road</address-line-1>
							<city>Stoke-on-Trent</city>
							<state-or-province>Staffordshire</state-or-province>
							<country>United Kingdom</country>
							<postal-code>ST4 2DE</postal-code>
						</address>
						<department-names>
							<department-name>Faculty of Health</department-name>
						</department-names>
						<role>Researcher (Academic)</role>
						<start-date>1961-01-01</start-date>
					</affiliate-institution-details>
				</affiliate-institution>
			</affiliate-institutions>
			<past-institutions>
				<past-institution>
					<past-institution-name>Bowdoin College</past-institution-name>
					<past-institution-details>
						<address>
							<address-line-1>5000 College Station</address-line-1>
							<address-line-2>Bowdoin College</address-line-2>
							<city>Brunswick</city>
							<state-or-province>Maine</state-or-province>
							<country>United States</country>
							<postal-code>04011</postal-code>
						</address>
						<department-names>
							<department-name>Ancient Psychoceramics</department-name>
						</department-names>
						<role>Researcher (Academic)</role>
						<start-date>1920-01-01</start-date>
						<end-date>1929-12-31</end-date>
					</past-institution-details>
				</past-institution>
			</past-institutions>
			<external-identifiers>
				<external-identifier>
					<sponsor-orcid>8888-8888-8888-8880</sponsor-orcid>
					<sponsor-reference>12345678910</sponsor-reference>
				</external-identifier>
				<external-identifier>
					<sponsor-orcid>1111-1111-1111-1115</sponsor-orcid>
					<sponsor-reference>10987654321</sponsor-reference>
				</external-identifier>
			</external-identifiers>
		</orcid-bio>
	</orcid-profile>
</orcid-message>