<?xml version="1.0" encoding="UTF-8"?>
<!--

    =============================================================================
    Copyright (C) 2011-2012 by ORCID

    Permission is hereby granted, free of charge, to any person obtaining a copy
    of this software and associated documentation files (the "Software"), to deal
    in the Software without restriction, including without limitation the rights
    to use, copy, modify, merge, publish, distribute, sublicense, and/or sell
    copies of the Software, and to permit persons to whom the Software is
    furnished to do so, subject to the following conditions:

    The above copyright notice and this permission notice shall be included in
    all copies or substantial portions of the Software.

    THE SOFTWARE IS PROVIDED "AS IS", WITHOUT WARRANTY OF ANY KIND, EXPRESS OR
    IMPLIED, INCLUDING BUT NOT LIMITED TO THE WARRANTIES OF MERCHANTABILITY,
    FITNESS FOR A PARTICULAR PURPOSE AND NONINFRINGEMENT. IN NO EVENT SHALL THE
    AUTHORS OR COPYRIGHT HOLDERS BE LIABLE FOR ANY CLAIM, DAMAGES OR OTHER
    LIABILITY, WHETHER IN AN ACTION OF CONTRACT, TORT OR OTHERWISE, ARISING FROM,
    OUT OF OR IN CONNECTION WITH THE SOFTWARE OR THE USE OR OTHER DEALINGS IN
    THE SOFTWARE.
    =============================================================================

-->
<orcid-message xmlns:xsi="http://www.w3.org/2001/XMLSchema-instance"
    xsi:schemaLocation="http://www.orcid.org/ns/orcid ../orcid-message-1.0.7.xsd"
    xmlns="http://www.orcid.org/ns/orcid">
    <message-version>1.0.7</message-version>
    <orcid-profile>
        <orcid>4444-4444-4444-4446</orcid>
        <orcid-history>
            <creation-method>website</creation-method>
            <completion-date>2012-10-09T15:50:07</completion-date>
            <submission-date>2012-10-09T15:50:07</submission-date>
            <claimed>true</claimed>
            <email-verified>true</email-verified>
            <source>
                <source-orcid>8888-8888-8888-8880</source-orcid>
                <source-name>Brown University Library</source-name>
            </source>
            <deactivation-date>2012-10-09T15:50:07</deactivation-date>
        </orcid-history>
        <orcid-bio>
            <personal-details>
                <given-names>Josiah</given-names>
                <family-name>Carberry</family-name>
            </personal-details>
            <researcher-urls>
                <researcher-url>
                    <url-name>Carberry-Hay</url-name>
                    <url>http://library.brown.edu/about/hay/carberry.php</url>
                </researcher-url>
                <researcher-url>
                    <url-name>Carberry 2</url-name>
                    <url>http://en.wikipedia.org/wiki/Josiah_S._Carberry</url>
                </researcher-url>
                <researcher-url>
                    <url-name>Carberry work 3</url-name>
                    <url>http://www.brown.edu/Administration/News_Bureau/Databases/Encyclopedia/search.php?serial=C0070</url>
                </researcher-url>
            </researcher-urls>
            <contact-details>
                <address>
                    <country>US</country>
                </address>
            </contact-details>
            <keywords>
                <keyword>Bilocation</keyword>
            </keywords>
            <external-identifiers>
                <external-identifier>
                    <external-id-orcid>8888-8888-8888-8880</external-id-orcid>
                    <external-id-reference>YH0923</external-id-reference>
                </external-identifier>
            </external-identifiers>
            <affiliations>
                <affiliation>
                    <affiliation-name>Brown University</affiliation-name>
                    <affiliation-type>funded-by</affiliation-type>
                    <address>
                        <country>United States</country>
                    </address>
                    <department-name>Psychoceramics</department-name>
                    <role-title>Researcher (Academic)</role-title>
                </affiliation>
                <affiliation>
                    <affiliation-name>Yale University</affiliation-name>
                    <affiliation-type>current-primary-institution</affiliation-type>
                    <address>
                        <country>United States</country>
                    </address>
                    <department-name>Law</department-name>
                    <role-title>Researcher (Academic)</role-title>
                </affiliation>
            </affiliations>
        </orcid-bio>
        <orcid-activities>
            <orcid-works>
                <orcid-work>
                    <work-title>
                        <title>Neanderthal Man</title>
                    </work-title>
                    <work-citation>
                        <work-citation-type>formatted-unspecified</work-citation-type>
                        <citation>Carberry, Josiah S., John W. Spaeth, and Paulo Di Fillipo. "Neanderthal Man." Book of Prehistory. N.p.: Brown UP, 2012. 450-70. 09 Oct. 2012. Web.</citation>
                    </work-citation>
                    <work-type>chapter-anthology</work-type>
                    <publication-date>
                        <year>2012</year>
                        <month>10</month>
                        <day>09</day>
                    </publication-date>
                    <work-external-identifiers>
                        <work-external-identifier>
                            <work-external-identifier-type>doi</work-external-identifier-type>
                            <work-external-identifier-id>10.5555/12345ABCDE</work-external-identifier-id>
                        </work-external-identifier>
                    </work-external-identifiers>
                    <work-contributors>
                        <contributor>
                            <contributor-orcid>4444-4444-4444-4449</contributor-orcid>
                            <credit-name>J. S. Carberry</credit-name>
                            <contributor-attributes>
                                <contributor-sequence>first</contributor-sequence>
                                <contributor-role>author</contributor-role>
                            </contributor-attributes>
                        </contributor>
                        <contributor>
                            <contributor-orcid>5555-5555-5555-555X</contributor-orcid>
                            <credit-name>John W. Spaeth</credit-name>
                            <contributor-attributes>
                                <contributor-sequence>additional</contributor-sequence>
                                <contributor-role>author</contributor-role>
                            </contributor-attributes>
                        </contributor>
                        <contributor>
                            <credit-name>Paul Di Filippo</credit-name>
                            <contributor-attributes>
                                <contributor-sequence>additional</contributor-sequence>
                                <contributor-role>author</contributor-role>
                            </contributor-attributes>
                        </contributor>
                    </work-contributors>
                </orcid-work>
                <orcid-work>
                    <work-title>
                        <title>Bilocation</title>
                    </work-title>
                    <work-citation>
                        <work-citation-type>formatted-chicago</work-citation-type>
                        <citation>Carberry, Josiah S. Bilocation. N.p.: Brown UP, 1934. 9 Oct. 1934. Web.</citation>
                    </work-citation>
                    <work-type>book</work-type>
                    <publication-date>
                        <year>1934</year>
                        <month>10</month>
                        <day>09</day>
                    </publication-date>
                    <work-external-identifiers>
                        <work-external-identifier>
                            <work-external-identifier-type>doi</work-external-identifier-type>
                            <work-external-identifier-id>10.5555/12345FGHIJ</work-external-identifier-id>
                        </work-external-identifier>
                    </work-external-identifiers>
                    <url>http://somewhere.com/Bilocation</url>
                    <work-contributors>
                        <contributor>
                            <contributor-orcid>4444-4444-4444-4446</contributor-orcid>
                            <credit-name>J. S. Carberry</credit-name>
                            <contributor-attributes>
                                <contributor-sequence>first</contributor-sequence>
                                <contributor-role>author</contributor-role>
                            </contributor-attributes>
                        </contributor>
                    </work-contributors>
                </orcid-work>
            </orcid-works>
            <orcid-grants>
                <orcid-grant>
                    <funding-agency/>
                    <grant-external-identifier>
                        <grant-external-program>_REF</grant-external-program>
                        <grant-external-id>extId</grant-external-id>
                    </grant-external-identifier>
                    <grant-number>1</grant-number>
                    <short-description>A short description</short-description>
                    <grant-date>2012-11-21T08:56:32</grant-date>
                    <grant-contributors>
                        <contributor>
                            <contributor-orcid>2111-1111-1111-1103</contributor-orcid>
                            <credit-name>Credit Name</credit-name>
                            <contributor-attributes>
                                <contributor-sequence>first</contributor-sequence>
                                <contributor-role>postdoctoral-researcher</contributor-role>
                            </contributor-attributes>
                        </contributor>
                        <contributor>
                            <contributor-orcid>2111-1111-1111-1104</contributor-orcid>
                            <credit-name>Credit Name</credit-name>
                            <contributor-attributes>
                                <contributor-sequence>additional</contributor-sequence>
                                <contributor-role>graduate-student</contributor-role>
                            </contributor-attributes>
                        </contributor>
                    </grant-contributors>
                    <grant-sources>
                        <source>
                            <source-orcid>2111-1111-1111-1105</source-orcid>
                            <source-name>Sponsor 1</source-name>
                            <source-date>2012-11-21T08:56:33</source-date>
                        </source>
                        <source>
                            <source-orcid>2111-1111-1111-1115</source-orcid>
                            <source-name>Sponsor 2</source-name>
                            <source-date>2012-11-21T08:56:33</source-date>
                        </source>
                    </grant-sources>
                </orcid-grant>
            </orcid-grants>
            <orcid-patents>
                <orcid-patent>
                    <country>Great Britain</country>
                    <patent-number>GB2447776</patent-number>
                    <short-description>POLYCRYSTALLINE DIAMOND CONSTRUCTIONS HAVING IMPROVED THERMAL STABILITY</short-description>
                    <patent-issue-date>2012-03-20T00:00:00</patent-issue-date>
                    <assignee>
                        <assignee-orcid>0000-8928-9282-9282</assignee-orcid>
                        <assignee-name>MADAPUSI K KESHAVAN</assignee-name>
                    </assignee>
                    <patent-contributors>
                        <contributor>
                            <contributor-orcid>2111-1111-1111-1123</contributor-orcid>
                            <credit-name>Francis Rossi</credit-name>
                            <contributor-attributes>
                                <contributor-sequence>first</contributor-sequence>
                                <contributor-role>principal-investigator</contributor-role>
                            </contributor-attributes>
                        </contributor>
                        <contributor>
                            <contributor-orcid>2111-1111-1111-1124</contributor-orcid>
                            <credit-name>Rick Parfitt</credit-name>
                            <contributor-attributes>
                                <contributor-sequence>additional</contributor-sequence>
                                <contributor-role>support-staff</contributor-role>
                            </contributor-attributes>
                        </contributor>
                    </patent-contributors>
                    <patent-sources>
                        <source>
                            <source-orcid>0000-8928-9282-9282</source-orcid>
                            <source-name>Peter Gabriel</source-name>
                            <source-date>2012-03-20T00:00:00</source-date>
                        </source>
                        <source>
                            <source-orcid>0000-8273-9282-9282</source-orcid>
                            <source-name>Tony Banks</source-name>
                            <source-date>2012-01-20T00:00:00</source-date>
                        </source>
                        <source>
                            <source-orcid>0000-3273-2239-1293</source-orcid>
                            <source-name>Anthony Phillips</source-name>
                            <source-date>2012-01-20T00:00:00</source-date>
                        </source>
                        <source>
                            <source-orcid>0000-3273-2239-1294</source-orcid>
                            <source-name>Mike Rutherford</source-name>
                            <source-date>2012-01-20T00:00:00</source-date>
                        </source>
                        <source>
                            <source-orcid>0000-3273-2239-2733</source-orcid>
                            <source-name>Chris Stewart</source-name>
                            <source-date>2012-01-20T00:00:00</source-date>
                        </source>
                    </patent-sources>
                </orcid-patent>
            </orcid-patents>
        </orcid-activities>
    </orcid-profile>
</orcid-message>
